ID,Country
IROSROA,JP
LBQCYGN,US
GZMNIJI,US
PREGXXP,JP
TJXKVVW,UK
NCUTPPX,JP
HQFUPUK,US
GAPIAQD,US
KYUOKAL,US
SFCZFSB,JP
VJSHHEG,US
GUPLEHV,US
JOBBIUL,JP
RWJDTGN,JP
GNDARTH,UK
VMGGCEV,JP
CNVWYLH,US
EYECGLD,US
VIZYXVH,UK
FVOEITH,US
SABXLUM,UK
WKXZUTA,JP
SZWDJBH,US
BFWJPWL,US
NMXKZLI,US
IRURHYD,UK
ZEAMWDX,US
MWHYDAA,JP
LDFAOOR,UK
ICSVWZA,UK
GJBKWGC,US
FKSISSX,US
LIKIMJJ,UK
KEQPTUT,JP
YIUCWVC,JP
MOELQIO,US
YZJWCYG,JP
MJQAGQH,JP
MBMOYGT,JP
PIALQSJ,JP
DNMFCQJ,JP
LFYSTBZ,JP
UVYKMKA,US
WQDVVDK,JP
MGAHGYM,US
RYXVJGR,UK
FQZQJSO,JP
RKJPDHF,UK
JSLHKOT,UK
YLHIIFT,UK
TVFRIMS,US
STASNSJ,US
DJTHKOG,UK
ZDSRTEQ,JP
DKYNEJF,US
GZXJPHI,US
SZJGVRD,US
ETHNRWO,US
CKNOIGW,JP
QOQQUCI,JP
OYVAUBF,UK
WHETXGP,UK
OKKCHDK,JP
LTRYEOW,UK
ULHXNIE,UK
BDTUTUM,US
VRICVCW,UK
EXUFADS,JP
NWMKCMA,UK
LMDXOSX,UK
YTDZYKB,JP
MNEONZE,JP
LUWXEFY,JP
EMNZFGZ,UK
MSAITVQ,JP
UBGRRJR,UK
UXDGRBS,UK
LGHLCCY,JP
LUWVHTT,JP
ZBYILSS,US
USTOBHO,US
ISTREVF,JP
YUMRIER,UK
JYFFAUR,US
YFNJGGI,UK
XIPAUDD,US
QJJXDLV,UK
OFCQNCI,JP
BXRNKJM,UK
PFWSJYW,JP
GWTCZUL,UK
KJOWRZU,US
DATRDHI,JP
LYOAIMC,JP
HPCMVBT,UK
FAMUDFB,JP
NJCOVIW,UK
FHEYTHO,US
SUUWFLD,UK
NAFWGRY,UK
